legis_term,session_number,session_date
1,1,19790323
1,2,19790328
1,3,19790330
1,4,19790418
1,5,19790503
1,6,19790509
1,7,19790509
1,8,19790510
1,9,19790516
1,10,19790523
1,11,19790524
1,12,19790530
1,13,19790531
1,14,19790606
1,15,19790607
1,16,19790612
1,17,19790613
1,18,19790615
1,19,19790620
1,20,19790621
1,21,19790627
1,22,19790628
1,23,19790723
1,24,19790724
1,25,19790726
1,26,19790727
1,27,19790728
1,28,19790912
1,29,19790913
1,30,19790919
1,31,19790920
1,32,19790925
1,33,19790926
1,34,19790927
1,35,19791009
1,36,19791010
1,37,19791011
1,38,19791017
1,39,19791018
1,40,19791024
1,41,19791107
1,42,19791108
1,43,19791114
1,44,19791115
1,45,19791121
1,46,19791122
1,47,19791127
1,48,19791128
1,49,19791129
1,50,19791130
1,51,19791211
1,52,19791212
1,53,19791213
1,54,19791214
1,55,19791218
1,56,19791219
1,57,19791220
1,58,19791227
1,59,19791228
1,60,19800130
1,61,19800212
1,62,19800213
1,63,19800214
1,64,19800219
1,65,19800220
1,66,19800221
1,67,19800226
1,68,19800227
1,69,19800304
1,70,19800305
1,71,19800306
1,72,19800311
1,73,19800312
1,74,19800313
1,75,19800325
1,76,19800326
1,77,19800327
1,78,19800409
1,79,19800410
1,80,19800415
1,81,19800416
1,82,19800417
1,83,19800422
1,84,19800423
1,85,19800424
1,86,19800506
1,87,19800507
1,88,19800508
1,89,19800513
1,90,19800514
1,91,19800520
1,92,19800521
1,93,19800528
1,94,19800529
1,95,19800530
1,96,19800610
1,97,19800611
1,98,19800612
1,99,19800617
1,100,19800618
1,101,19800619
1,102,19800624
1,103,19800625
1,104,19800626
1,105,19800627
1,106,19800909
1,107,19800910
1,108,19800911
1,109,19800916
1,110,19800917
1,111,19800918
1,112,19800923
1,113,19800924
1,114,19800925
1,115,19801007
1,116,19801008
1,117,19801009
1,118,19801014
1,119,19801015
1,120,19801016
1,121,19801021
1,122,19801022
1,123,19801023
1,124,19801028
1,125,19801029
1,126,19801030
1,127,19801111
1,128,19801125
1,129,19801126
1,130,19801127
1,131,19801128
1,132,19801129
1,133,19801201
1,134,19801202
1,135,19801209
1,136,19801210
1,137,19801211
1,138,19801216
1,139,19801217
1,140,19801218
1,141,19801229
1,142,19810217
1,143,19810218
1,144,19810219
1,145,19810220
1,146,19810223
1,147,19810225
1,148,19810310
1,149,19810311
1,150,19810317
1,151,19810318
1,152,19810324
1,153,19810325
1,154,19810326
1,155,19810401
1,156,19810402
1,157,19810407
1,158,19810408
1,159,19810409
1,160,19810421
1,161,19810422
1,162,19810423
1,163,19810428
1,164,19810429
1,165,19810430
1,166,19810512
1,167,19810513
1,168,19810514
1,169,19810519
1,170,19810520
1,171,19810526
1,172,19810527
1,173,19810528
1,174,19810609
1,175,19810610
1,176,19810616
1,177,19810617
1,178,19810622
1,179,19810623
1,180,19810915
1,181,19810916
1,182,19810917
1,183,19810922
1,184,19810923
1,185,19810929
1,186,19810930
1,187,19811001
1,188,19811013
1,189,19811014
1,190,19811015
1,191,19811027
1,192,19811028
1,193,19811029
1,194,19811103
1,195,19811104
1,196,19811105
1,197,19811117
1,198,19811118
1,199,19811119
1,200,19811124
1,201,19811125
1,202,19811126
1,203,19811127
1,205,19811209
1,204,19811209
1,206,19811210
1,207,19811215
1,208,19811216
1,209,19811217
1,210,19820209
1,211,19820210
1,212,19820211
1,213,19820216
1,214,19820217
1,215,19820218
1,216,19820223
1,217,19820224
1,218,19820225
1,219,19820309
1,220,19820310
1,221,19820311
1,222,19820316
1,223,19820317
1,224,19820318
1,225,19820323
1,226,19820324
1,227,19820325
1,228,19820330
1,229,19820331
1,230,19820401
1,231,19820420
1,232,19820421
1,233,19820422
1,234,19820427
1,235,19820428
1,236,19820429
1,237,19820504
1,238,19820505
1,239,19820506
1,240,19820511
1,241,19820512
1,242,19820525
1,243,19820526
1,244,19820527
1,245,19820608
1,246,19820609
1,247,19820615
1,248,19820616
1,249,19820617
1,250,19820621
1,251,19820622
1,252,19820623
1,253,19820628
1,254,19820629
1,255,19820630
2,1,19821118
2,2,19821125
2,3,19821130
2,4,19821201
2,5,19821214
2,6,19821228
2,7,19830111
2,8,19830125
2,9,19830126
2,10,19830127
2,11,19830208
2,12,19830209
2,13,19830222
2,14,19830223
2,15,19830301
2,16,19830302
2,17,19830308
2,18,19830309
2,19,19830315
2,20,19830316
2,21,19830322
2,22,19830323
2,23,19830324
2,24,19830412
2,25,19830413
2,26,19830414
2,27,19830419
2,28,19830420
2,29,19830421
2,30,19830426
2,31,19830427
2,32,19830428
2,33,19830510
2,34,19830511
2,35,19830512
2,36,19830517
2,37,19830518
2,38,19830519
2,39,19830524
2,40,19830525
2,41,19830607
2,42,19830608
2,43,19830609
2,44,19830610
2,45,19830614
2,46,19830615
2,47,19830616
2,48,19830621
2,49,19830622
2,50,19830628
2,51,19830629
2,52,19830712
2,53,19830713
2,54,19830714
2,55,19830920
2,56,19830921
2,57,19830922
2,58,19830927
2,59,19830928
2,60,19830929
2,61,19831004
2,62,19831005
2,63,19831006
2,64,19831011
2,65,19831025
2,66,19831026
2,67,19831027
2,68,19831102
2,69,19831103
2,70,19831114
2,71,19831115
2,72,19831116
2,73,19831117
2,74,19831118
2,75,19831121
2,76,19831122
2,77,19831123
2,78,19831124
2,79,19831129
2,80,19831130
2,81,19831205
2,82,19831213
2,83,19831214
2,84,19831215
2,85,19831216
2,86,19831219
2,87,19831220
2,88,19831221
2,89,19831227
2,90,19840201
2,91,19840214
2,92,19840215
2,93,19840216
2,94,19840221
2,95,19840222
2,96,19840223
2,97,19840228
2,98,19840229
2,99,19840301
2,100,19840306
2,101,19840307
2,102,19840308
2,103,19840313
2,104,19840314
2,105,19840315
2,106,19840320
2,107,19840321
2,108,19840322
2,109,19840323
2,110,19840403
2,111,19840404
2,112,19840405
2,113,19840410
2,114,19840411
2,115,19840412
2,116,19840502
2,117,19840503
2,118,19840504
2,119,19840508
2,120,19840509
2,121,19840510
2,122,19840516
2,123,19840517
2,124,19840518
2,125,19840522
2,126,19840523
2,127,19840524
2,128,19840525
2,129,19840605
2,130,19840606
2,131,19840607
2,132,19840608
2,133,19840612
2,134,19840612
2,135,19840613
2,136,19840614
2,137,19840615
2,138,19840619
2,139,19840620
2,140,19840626
2,141,19840627
2,142,19840628
2,143,19840726
2,144,19840918
2,145,19840919
2,146,19840920
2,147,19840925
2,148,19840926
2,149,19840927
2,150,19841002
2,151,19841003
2,152,19841004
2,153,19841009
2,154,19841009
2,155,19841010
2,156,19841011
2,157,19841023
2,158,19841024
2,159,19841025
2,160,19841030
2,161,19841106
2,162,19841107
2,163,19841108
2,164,19841113
2,165,19841114
2,166,19841115
2,167,19841116
2,168,19841127
2,169,19841128
2,170,19841129
2,171,19841130
2,172,19841203
2,173,19841204
2,174,19841205
2,175,19841218
2,176,19841219
2,177,19841220
2,178,19841228
2,179,19850212
2,180,19850213
2,181,19850219
2,182,19850220
2,183,19850221
2,184,19850226
2,185,19850227
2,186,19850228
2,187,19850312
2,188,19850313
2,189,19850314
2,190,19850320
2,191,19850321
2,192,19850322
2,193,19850326
2,194,19850326
2,195,19850327
2,196,19850328
2,197,19850416
2,198,19850417
2,199,19850418
2,200,19850423
2,201,19850424
2,202,19850425
2,203,19850507
2,204,19850508
2,205,19850509
2,206,19850516
2,207,19850517
2,208,19850521
2,209,19850522
2,210,19850523
2,211,19850528
2,212,19850529
2,213,19850530
2,214,19850610
2,215,19850611
2,216,19850612
2,217,19850613
2,218,19850618
2,219,19850619
2,220,19850620
2,221,19850625
2,222,19850626
2,223,19850627
2,224,19850723
2,226,19850917
2,225,19850917
2,227,19850918
2,228,19850919
2,229,19850920
2,230,19850924
2,231,19850925
2,232,19851001
2,233,19851002
2,234,19851003
2,235,19851003
2,236,19851009
2,237,19851015
2,238,19851016
2,239,19851017
2,240,19851022
2,241,19851023
2,242,19851024
2,243,19851029
2,244,19851030
2,245,19851031
2,246,19851105
2,247,19851106
2,248,19851107
2,249,19851112
2,250,19851113
2,251,19851126
2,252,19851127
2,253,19851128
2,254,19851129
2,255,19851202
2,256,19851203
2,257,19851204
2,258,19851205
2,259,19851210
2,260,19851211
2,261,19851217
2,262,19851218
2,263,19851219
2,264,19851227
2,265,19860130
2,266,19860204
2,267,19860205
2,268,19860211
2,269,19860212
2,270,19860213
2,271,19860225
2,272,19860226
2,273,19860227
2,274,19860228
2,275,19860318
2,276,19860319
2,277,19860320
2,278,19860408
2,279,19860409
2,280,19860410
2,281,19860422
3,1,19860715
3,2,19860722
3,3,19860723
3,4,19860728
3,6,19860924
3,7,19860925
3,8,19861001
3,9,19861002
3,10,19861015
3,11,19861016
3,12,19861028
3,13,19861029
3,14,19861030
3,15,19861105
3,16,19861106
3,17,19861117
3,18,19861118
3,19,19861119
3,20,19861120
3,21,19861121
3,22,19861124
3,23,19861125
3,24,19861203
3,25,19861204
3,26,19861217
3,27,19861218
3,28,19861223
3,29,19870211
3,30,19870212
3,31,19870224
3,32,19870225
3,33,19870226
3,34,19870304
3,35,19870305
3,36,19870317
3,37,19870318
3,38,19870326
3,39,19870327
3,40,19870330
3,41,19870331
3,42,19870401
3,43,19870422
3,44,19870423
3,45,19870429
3,46,19870430
3,47,19870506
3,48,19870507
3,49,19870513
3,50,19870520
3,51,19870521
3,52,19870527
3,53,19870528
3,54,19870616
3,55,19870617
3,56,19870625
3,57,19870626
3,58,19870716
3,60,19870916
3,61,19870917
3,62,19870923
3,63,19870924
3,64,19870930
3,65,19871001
3,66,19871014
3,67,19871015
3,68,19871026
3,69,19871027
3,70,19871117
3,71,19871118
3,72,19871119
3,73,19871123
3,74,19871124
3,75,19871125
3,76,19871209
3,77,19871210
3,78,19871216
3,79,19871217
3,80,19871217
3,81,19871222
3,82,19880209
3,83,19880210
3,84,19880211
3,85,19880216
3,86,19880217
3,87,19880218
3,88,19880224
3,89,19880225
3,90,19880308
3,91,19880309
3,92,19880310
3,93,19880315
3,94,19880316
3,95,19880317
3,96,19880322
3,97,19880323
3,98,19880324
3,99,19880412
3,100,19880413
3,101,19880414
3,102,19880419
3,103,19880420
3,104,19880421
3,105,19880426
3,106,19880427
3,107,19880428
3,108,19880510
3,109,19880511
3,110,19880512
3,111,19880517
3,112,19880518
3,113,19880519
3,114,19880531
3,115,19880531
3,116,19880601
3,117,19880607
3,118,19880607
3,119,19880608
3,120,19880609
3,121,19880614
3,122,19880615
3,123,19880616
3,124,19880621
3,125,19880622
3,126,19880623
3,127,19880628
3,128,19880629
3,129,19880630
3,130,19880720
3,131,19880920
3,132,19880921
3,133,19880922
3,134,19880927
3,135,19880928
3,136,19880929
3,137,19881004
3,138,19881018
3,139,19881018
3,140,19881019
3,141,19881020
3,142,19881025
3,143,19881026
3,144,19881027
3,145,19881110
3,146,19881111
3,147,19881116
3,148,19881117
3,149,19881121
3,150,19881122
3,151,19881123
3,152,19881124
3,153,19881125
3,154,19881129
3,155,19881130
3,156,19881201
3,157,19881206
3,158,19881213
3,159,19881214
3,160,19881215
3,161,19881220
3,162,19881221
3,163,19881222
3,164,19881228
3,165,19890201
3,166,19890214
3,167,19890215
3,168,19890221
3,169,19890222
3,170,19890223
3,171,19890228
3,172,19890301
3,173,19890302
3,174,19890307
3,175,19890308
3,176,19890309
3,177,19890314
3,178,19890315
3,179,19890316
3,180,19890404
3,181,19890405
3,182,19890406
3,183,19890411
3,184,19890412
3,185,19890413
3,186,19890418
3,187,19890419
3,188,19890420
3,189,19890425
3,190,19890426
3,191,19890427
3,192,19890509
3,193,19890510
3,194,19890511
3,195,19890523
3,196,19890524
3,197,19890530
3,198,19890531
3,199,19890601
3,200,19890620
3,201,19890621
3,202,19890622
3,203,19890627
3,204,19890628
3,205,19890629
3,206,19890712
3,207,19890713
4,1,19891121
4,2,19891204
4,3,19891205
4,5,19891212
4,6,19891220
4,8,19900110
4,10,19900201
4,11,19900206
4,12,19900207
4,13,19900208
4,14,19900213
4,15,19900214
4,16,19900215
4,17,19900220
4,18,19900221
4,19,19900222
4,20,19900306
4,21,19900307
4,22,19900308
4,23,19900313
4,24,19900314
4,25,19900315
4,26,19900327
4,27,19900328
4,28,19900405
4,30,19900424
4,29,19900424
4,31,19900425
4,32,19900426
4,33,19900516
4,34,19900517
4,35,19900518
4,36,19900521
4,37,19900522
4,38,19900523
4,39,19900524
4,40,19900529
4,41,19900530
4,42,19900531
4,43,19900612
4,44,19900613
4,45,19900614
4,46,19900626
4,47,19900627
4,48,19900628
4,49,19900712
4,50,19900712
4,52,19900911
4,53,19900912
4,54,19900913
4,55,19900918
4,56,19900919
4,57,19900920
4,58,19900925
4,59,19900926
4,60,19900927
4,61,19901009
4,62,19901010
4,63,19901011
4,64,19901029
4,65,19901030
4,66,19901031
4,67,19901120
4,68,19901121
4,69,19901122
4,70,19901123
4,71,19901127
4,72,19901128
4,73,19901129
4,74,19901211
4,75,19901212
4,76,19901213
4,77,19901218
4,78,19901219
4,79,19901220
4,80,19901227
4,81,19910118
4,83,19910205
4,84,19910206
4,85,19910207
4,86,19910212
4,87,19910213
4,88,19910214
4,89,19910219
4,90,19910220
4,91,19910221
4,92,19910305
4,93,19910306
4,94,19910307
4,95,19910312
4,96,19910313
4,97,19910314
4,98,19910320
4,99,19910321
4,100,19910409
4,101,19910410
4,102,19910411
4,103,19910416
4,104,19910417
4,105,19910418
4,106,19910423
4,107,19910424
4,108,19910425
4,109,19910507
4,110,19910508
4,111,19910509
4,112,19910514
4,113,19910528
4,114,19910529
4,115,19910530
4,116,19910611
4,117,19910612
4,118,19910613
4,119,19910618
4,120,19910619
4,121,19910620
4,122,19910625
4,123,19910626
4,124,19910627
4,125,19910701
4,126,19910910
4,127,19910911
4,128,19910912
4,129,19910917
4,130,19910918
4,131,19910919
4,132,19910924
4,133,19910925
4,134,19910926
4,135,19911008
4,136,19911009
4,137,19911010
4,138,19911023
4,139,19911024
4,140,19911029
4,141,19911030
4,142,19911031
4,143,19911112
4,144,19911113
4,145,19911114
4,146,19911118
4,147,19911119
4,148,19911120
4,149,19911126
4,150,19911127
4,151,19911128
4,152,19911210
4,153,19911211
4,154,19911212
4,155,19911217
4,156,19911218
4,157,19911219
4,158,19911227
4,160,19920123
4,161,19920211
4,162,19920212
4,163,19920213
4,164,19920218
4,165,19920219
4,166,19920220
4,167,19920225
4,168,19920226
4,169,19920227
4,170,19920303
4,171,19920304
4,172,19920305
4,173,19920317
4,174,19920318
4,175,19920324
4,176,19920325
4,177,19920331
4,178,19920401
4,179,19920402
4,180,19920407
4,181,19920408
4,182,19920409
4,183,19920428
4,184,19920429
4,185,19920430
4,186,19920512
4,187,19920513
4,188,19920514
4,189,19920519
4,190,19920520
4,191,19920521
4,192,19920526
4,193,19920527
4,194,19920528
4,195,19920609
4,196,19920610
4,197,19920611
4,198,19920616
4,199,19920617
4,200,19920618
4,201,19920623
4,202,19920624
4,203,19920625
4,204,19920701
4,205,19920713
4,206,19920722
4,207,19920728
4,208,19920915
4,209,19920916
4,210,19920917
4,211,19920922
4,212,19920923
4,213,19920924
4,214,19920929
4,215,19920930
4,216,19921001
4,217,19921006
4,218,19921007
4,219,19921008
4,220,19921020
4,221,19921021
4,222,19921027
4,223,19921028
4,224,19921029
4,225,19921110
4,226,19921111
4,227,19921112
4,228,19921116
4,229,19921117
4,230,19921118
4,231,19921119
4,232,19921120
4,233,19921124
4,234,19921125
4,235,19921126
4,236,19921209
4,237,19921210
4,238,19921215
4,239,19921216
4,240,19921217
4,241,19921228
4,242,19930209
4,243,19930210
4,244,19930211
4,245,19930216
4,246,19930217
4,247,19930218
4,248,19930223
4,249,19930224
4,250,19930225
4,251,19930302
4,252,19930309
4,253,19930310
4,254,19930311
4,255,19930316
4,256,19930317
4,257,19930318
4,258,19930323
4,259,19930324
4,260,19930325
4,261,19930330
4,262,19930331
4,263,19930401
5,1,19930629
5,2,19930708
5,3,19930709
5,4,19930714
5,5,19930722
5,6,19930805
5,7,19930909
5,9,19930914
5,10,19930915
5,11,19930916
5,12,19930921
5,13,19930922
5,14,19930923
5,15,19930928
5,16,19930929
5,17,19930930
5,18,19931020
5,19,19931021
5,20,19931026
5,21,19931027
5,22,19931028
5,23,19931102
5,24,19931103
5,25,19931104
5,26,19931115
5,27,19931116
5,28,19931117
5,29,19931118
5,30,19931119
5,31,19931123
5,32,19931124
5,33,19931125
5,34,19931130
5,35,19931201
5,36,19931202
5,37,19931214
5,38,19931215
5,39,19931216
5,40,19931221
5,41,19931228
5,42,19940120
5,43,19940208
5,44,19940209
5,45,19940210
5,46,19940215
5,47,19940216
5,48,19940217
5,49,19940222
5,50,19940223
5,51,19940224
5,52,19940301
5,53,19940302
5,54,19940303
5,55,19940308
5,56,19940309
5,57,19940310
5,58,19940322
5,59,19940323
5,60,19940324
5,61,19940412
5,62,19940413
5,63,19940414
5,64,19940419
5,65,19940420
5,66,19940426
5,67,19940427
5,68,19940428
5,69,19940510
5,70,19940511
5,71,19940512
5,72,19940517
5,73,19940518
5,74,19940519
5,75,19940524
5,76,19940525
5,77,19940526
5,78,19940614
5,79,19940615
5,80,19940616
5,81,19940621
5,82,19940622
5,83,19940623
5,84,19940628
5,85,19940629
5,86,19940630
5,87,19940913
5,88,19940914
5,89,19940915
5,90,19940920
5,91,19940921
5,92,19940927
5,93,19940928
5,94,19940929
5,95,19941004
5,96,19941005
5,97,19941006
5,98,19941025
5,99,19941026
5,100,19941027
5,101,19941102
5,102,19941103
5,103,19941115
5,104,19941116
5,105,19941117
5,106,19941121
5,107,19941122
5,108,19941123
5,109,19941124
5,110,19941129
5,111,19941130
5,112,19941201
5,113,19941213
5,114,19941214
5,115,19941215
5,116,19941220
5,117,19941221
5,118,19941222
5,119,19941227
5,121,19950208
5,122,19950209
5,123,19950214
5,124,19950215
5,125,19950216
5,126,19950221
5,127,19950222
5,128,19950223
5,129,19950307
5,130,19950308
5,131,19950309
5,132,19950314
5,133,19950315
5,134,19950316
5,135,19950321
5,136,19950322
5,137,19950323
5,138,19950404
5,139,19950405
5,140,19950406
5,141,19950425
5,142,19950426
5,143,19950427
5,144,19950509
5,145,19950510
5,146,19950511
5,147,19950516
5,148,19950517
5,149,19950530
5,150,19950531
5,151,19950601
5,152,19950613
5,153,19950614
5,154,19950615
5,155,19950620
5,156,19950621
5,157,19950622
5,158,19950627
5,159,19950628
5,160,19950629
5,161,19950704
5,162,19950705
5,163,19950727
5,164,19950912
5,165,19950913
5,166,19950914
5,167,19950919
5,168,19950920
5,169,19950921
5,170,19950926
5,171,19950927
5,172,19950928
5,173,19951003
5,174,19951004
5,175,19951005
5,176,19951017
5,177,19951018
5,178,19951019
5,179,19951024
5,180,19951025
5,181,19951107
5,182,19951108
5,183,19951121
5,184,19951122
5,185,19951123
5,186,19951128
5,187,19951129
5,188,19951130
5,189,19951212
5,190,19951213
5,191,19951214
5,192,19951219
5,193,19951220
5,194,19951221
5,195,19951227
6,1,19960327
6,2,19960503
6,3,19960504
6,4,19960508
6,5,19960521
6,6,19960522
6,7,19960528
6,8,19960529
6,9,19960530
6,11,19960611
6,12,19960612
6,13,19960618
6,14,19960619
6,15,19960620
6,16,19960625
6,17,19960626
6,18,19960627
6,19,19960723
6,20,19960903
6,21,19960910
6,22,19960911
6,23,19960917
6,24,19960918
6,25,19960919
6,26,19960924
6,27,19960925
6,28,19960926
6,29,19961008
6,30,19961009
6,31,19961010
6,32,19961022
6,33,19961023
6,34,19961029
6,35,19961030
6,36,19961031
6,37,19961112
6,38,19961113
6,39,19961114
6,40,19961118
6,41,19961119
6,42,19961120
6,43,19961121
6,44,19961122
6,45,19961126
6,46,19961127
6,47,19961210
6,48,19961211
6,49,19961212
6,50,19961217
6,51,19961218
6,52,19961219
6,53,19961227
6,56,19970211
6,57,19970212
6,58,19970213
6,59,19970218
6,60,19970219
6,61,19970220
6,62,19970225
6,63,19970226
6,64,19970227
6,65,19970311
6,66,19970312
6,67,19970313
6,68,19970318
6,69,19970319
6,70,19970320
6,71,19970408
6,72,19970409
6,73,19970410
6,74,19970415
6,75,19970416
6,76,19970417
6,77,19970422
6,78,19970423
6,79,19970424
6,80,19970506
6,81,19970507
6,82,19970508
6,83,19970520
6,84,19970521
6,85,19970522
6,86,19970527
6,87,19970528
6,88,19970529
6,89,19970603
6,90,19970604
6,91,19970605
6,92,19970611
6,93,19970612
6,94,19970624
6,95,19970625
6,96,19970626
6,98,19970717
6,99,19970916
6,100,19970917
6,101,19970918
6,102,19970923
6,103,19970924
6,104,19970925
6,105,19971007
6,106,19971008
6,107,19971009
6,108,19971022
6,109,19971023
6,110,19971028
6,111,19971029
6,112,19971030
6,113,19971111
6,114,19971112
6,115,19971113
6,116,19971117
6,117,19971118
6,118,19971119
6,119,19971120
6,120,19971125
6,121,19971126
6,122,19971127
6,123,19971209
6,124,19971210
6,125,19971211
6,126,19971216
6,127,19971217
6,128,19971218
6,129,19971222
6,130,19971223
6,132,19980210
6,133,19980211
6,134,19980212
6,135,19980217
6,136,19980218
6,137,19980219
6,138,19980224
6,139,19980225
6,140,19980310
6,141,19980311
6,142,19980312
6,143,19980324
6,144,19980325
6,145,19980326
6,146,19980331
6,147,19980401
6,148,19980402
6,149,19980415
6,150,19980416
6,151,19980421
6,152,19980422
6,153,19980423
6,154,19980428
6,155,19980429
6,156,19980430
6,157,19980512
6,158,19980513
6,159,19980514
6,160,19980519
6,161,19980520
6,162,19980521
6,163,19980526
6,164,19980527
6,165,19980528
6,166,19980609
6,167,19980610
6,168,19980611
6,169,19980616
6,170,19980617
6,171,19980618
6,172,19980623
6,173,19980624
6,174,19980625
6,176,19980915
6,177,19980916
6,178,19980917
6,179,19980922
6,180,19980923
6,181,19980924
6,182,19980929
6,183,19980930
6,184,19981001
6,185,19981006
6,186,19981007
6,187,19981008
6,188,19981027
6,190,19981028
6,189,19981028
6,191,19981110
6,192,19981111
6,193,19981112
6,194,19981116
6,195,19981117
6,196,19981118
6,197,19981119
6,198,19981124
6,199,19981125
6,200,19981126
6,201,19981209
6,202,19981210
6,203,19981215
6,204,19981216
6,205,19981217
6,206,19981222
6,209,19990209
6,210,19990210
6,211,19990211
6,212,19990216
6,213,19990217
6,214,19990218
6,215,19990223
6,216,19990224
6,217,19990225
6,218,19990309
6,219,19990310
6,220,19990311
6,221,19990316
6,222,19990317
6,223,19990318
6,224,19990323
6,225,19990324
6,226,19990330
6,227,19990413
6,228,19990414
6,229,19990415
6,230,19990420
6,231,19990421
6,232,19990422
6,233,19990427
6,234,19990428
6,235,19990429
6,236,19990504
6,237,19990511
6,238,19990512
6,239,19990513
6,240,19990518
6,241,19990519
6,242,19990520
6,243,19990526
6,244,19990527
6,245,19990615
6,246,19990616
6,247,19990617
6,248,19990622
6,249,19990623
6,250,19990629
6,251,19990630
6,252,19990701
6,255,19990914
6,256,19990915
6,257,19990916
6,258,19990921
6,259,19990922
6,260,19990923
6,261,19990928
6,262,19990929
6,263,19990930
6,264,19991019
6,265,19991020
6,266,19991021
6,267,19991025
6,268,19991026
6,269,19991110
6,270,19991111
6,271,19991115
6,272,19991116
6,273,19991117
6,274,19991118
6,275,19991123
6,276,19991124
6,277,19991125
6,278,19991130
6,279,19991201
6,280,19991214
6,281,19991215
6,282,19991216
6,283,19991222
7,1,20000405
7,2,20000425
7,3,20000426
7,4,20000509
7,5,20000511
7,6,20000516
7,7,20000517
7,8,20000523
7,9,20000524
7,10,20000530
7,11,20000531
7,12,20000613
7,13,20000614
7,14,20000620
7,16,20000621
7,17,20000622
7,18,20000627
7,19,20000628
7,20,20000629
7,22,20000912
7,23,20000913
7,24,20000919
7,25,20000920
7,26,20000921
7,27,20000926
7,28,20000927
7,29,20000928
7,30,20001003
7,31,20001004
7,32,20001005
7,33,20001017
7,34,20001018
7,35,20001019
7,36,20001024
7,37,20001025
7,38,20001113
7,39,20001114
7,40,20001115
7,41,20001116
7,42,20001121
7,43,20001123
7,44,20001124
7,45,20001128
7,46,20001129
7,47,20001130
7,48,20001212
7,49,20001213
7,50,20001214
7,51,20001219
7,52,20001220
7,53,20001221
7,56,20010206
7,57,20010207
7,58,20010208
7,59,20010213
7,60,20010214
7,61,20010220
7,62,20010221
7,63,20010222
7,64,20010306
7,65,20010307
7,66,20010308
7,67,20010313
7,68,20010314
7,69,20010315
7,70,20010320
7,71,20010321
7,72,20010322
7,73,20010403
7,74,20010404
7,75,20010405
7,76,20010417
7,77,20010418
7,78,20010419
7,79,20010424
7,80,20010425
7,81,20010426
7,82,20010516
7,83,20010517
7,84,20010522
7,85,20010523
7,86,20010529
7,87,20010530
7,88,20010531
7,89,20010612
7,90,20010613
7,91,20010614
7,92,20010619
7,93,20010620
7,94,20010621
7,95,20010626
7,96,20010627
7,98,20010726
7,99,20010906
7,100,20010911
7,101,20010912
7,102,20010913
7,103,20010918
7,104,20010919
7,105,20010920
7,106,20010925
7,107,20010926
7,108,20010927
7,109,20011002
7,110,20011003
7,111,20011004
7,112,20011018
7,113,20011023
7,114,20011024
7,115,20011030
7,116,20011031
7,117,20011112
7,118,20011113
7,119,20011114
7,120,20011115
7,121,20011120
7,122,20011122
7,123,20011127
7,124,20011128
7,125,20011129
7,126,20011210
7,127,20011211
7,128,20011212
7,129,20011213
7,130,20011218
7,131,20011219
7,132,20011220
7,134,20020205
7,135,20020206
7,136,20020207
7,137,20020212
7,138,20020213
7,139,20020219
7,140,20020220
7,141,20020305
7,142,20020306
7,143,20020307
7,144,20020312
7,145,20020313
7,146,20020314
7,147,20020318
7,148,20020320
7,149,20020321
7,150,20020409
7,151,20020410
7,152,20020411
7,153,20020416
7,154,20020417
7,155,20020418
7,156,20020423
7,157,20020424
7,158,20020425
7,159,20020507
7,160,20020508
7,161,20020509
7,162,20020521
7,163,20020522
7,164,20020523
7,165,20020528
7,166,20020529
7,167,20020530
7,168,20020604
7,169,20020611
7,170,20020612
7,171,20020613
7,172,20020618
7,173,20020619
7,174,20020620
7,175,20020624
7,176,20020625
7,177,20020626
7,178,20020627
7,179,20020715
7,180,20020716
7,182,20020826
7,183,20020910
7,184,20020911
7,185,20020912
7,186,20020917
7,187,20020918
7,188,20020924
7,189,20020925
7,190,20020926
7,191,20021001
7,192,20021002
7,193,20021003
7,194,20021015
7,195,20021016
7,196,20021017
7,197,20021022
7,198,20021023
7,199,20021029
7,200,20021030
7,201,20021031
7,202,20021111
7,203,20021112
7,204,20021113
7,205,20021114
7,206,20021119
7,207,20021120
7,208,20021121
7,209,20021126
7,210,20021127
7,211,20021128
7,212,20021210
7,213,20021211
7,214,20021212
7,215,20021216
7,216,20021217
7,217,20021218
7,218,20021219
7,221,20030204
7,222,20030205
7,223,20030206
7,224,20030211
7,225,20030212
7,226,20030213
7,227,20030218
7,228,20030219
7,229,20030220
7,230,20030304
7,231,20030305
7,232,20030306
7,233,20030311
7,234,20030312
7,235,20030313
7,236,20030318
7,237,20030325
7,238,20030326
7,239,20030327
7,240,20030401
7,241,20030402
7,242,20030403
7,243,20030408
7,244,20030409
7,245,20030410
7,246,20030429
7,247,20030430
7,248,20030506
7,249,20030507
7,250,20030508
7,251,20030513
7,252,20030514
7,253,20030527
7,254,20030528
7,255,20030529
7,256,20030610
7,257,20030611
7,258,20030612
7,259,20030617
7,260,20030618
7,261,20030619
7,262,20030624
7,263,20030625
7,264,20030626
7,265,20030630
7,266,20030701
7,267,20030708
7,269,20030728
7,271,20030730
7,274,20030910
7,275,20030911
7,276,20030916
7,277,20030917
7,278,20030918
7,279,20030923
7,280,20030924
7,281,20030925
7,282,20030930
7,283,20031001
7,284,20031002
7,285,20031014
7,286,20031015
7,287,20031016
7,288,20031023
7,289,20031028
7,290,20031029
7,291,20031104
7,292,20031105
7,293,20031106
7,294,20031117
7,295,20031118
7,296,20031119
7,297,20031120
7,298,20031125
7,299,20031126
7,300,20031127
7,301,20031202
7,302,20031209
7,303,20031210
7,304,20031211
7,305,20031216
7,306,20031217
7,307,20031218
7,308,20031223
8,1,20040402
8,2,20040415
8,3,20040416
8,4,20040427
8,5,20040428
8,6,20040512
8,7,20040513
8,8,20040518
8,9,20040519
8,10,20040520
8,11,20040525
8,12,20040526
8,13,20040601
8,14,20040602
8,16,20040615
8,17,20040616
8,18,20040617
8,19,20040622
8,20,20040623
8,21,20040629
8,22,20040630
8,23,20040706
8,25,20040721
8,28,20040914
8,29,20040915
8,30,20040916
8,31,20040921
8,32,20040922
8,33,20040923
8,34,20040928
8,35,20040929
8,36,20040930
8,37,20041005
8,38,20041006
8,39,20041007
8,40,20041019
8,41,20041020
8,42,20041021
8,43,20041026
8,44,20041027
8,45,20041102
8,46,20041103
8,47,20041115
8,48,20041116
8,49,20041117
8,50,20041123
8,51,20041124
8,52,20041125
8,53,20041130
8,54,20041201
8,56,20041202
8,55,20041202
8,57,20041209
8,58,20041214
8,59,20041215
8,60,20041221
8,61,20041222
8,62,20041228
8,63,20050111
8,65,20050201
8,66,20050202
8,67,20050203
8,68,20050208
8,69,20050209
8,70,20050222
8,71,20050223
8,72,20050224
8,73,20050308
8,74,20050309
8,75,20050310
8,76,20050315
8,77,20050316
8,78,20050317
8,79,20050405
8,80,20050406
8,81,20050407
8,82,20050419
8,83,20050420
8,84,20050421
8,85,20050426
8,86,20050427
8,87,20050428
8,88,20050511
8,89,20050512
8,90,20050517
8,91,20050518
8,92,20050519
8,93,20050524
8,94,20050525
8,95,20050531
8,96,20050601
8,97,20050602
8,98,20050621
8,99,20050622
8,100,20050623
8,101,20050628
8,102,20050629
8,103,20050630
8,105,20050728
8,108,20050913
8,109,20050914
8,110,20050915
8,111,20050920
8,112,20050921
8,113,20050922
8,114,20050927
8,115,20050928
8,116,20050929
8,117,20051004
8,118,20051005
8,119,20051006
8,120,20051018
8,121,20051019
8,122,20051020
8,123,20051025
8,124,20051026
8,125,20051102
8,126,20051103
8,127,20051114
8,128,20051115
8,129,20051116
8,130,20051122
8,131,20051123
8,132,20051124
8,133,20051129
8,134,20051130
8,135,20051201
8,136,20051213
8,137,20051214
8,138,20051215
8,139,20051220
8,140,20051221
8,141,20051222
8,144,20060125
8,146,20060207
8,147,20060208
8,148,20060209
8,149,20060214
8,150,20060215
8,151,20060216
8,152,20060221
8,153,20060222
8,154,20060223
8,155,20060228
8,156,20060301
8,157,20060302
8,158,20060314
8,159,20060315
8,160,20060316
8,161,20060321
8,162,20060322
8,163,20060323
8,164,20060328
8,165,20060329
8,166,20060330
8,167,20060404
8,168,20060405
8,169,20060406
8,170,20060425
8,171,20060426
8,172,20060427
8,173,20060509
8,174,20060510
8,175,20060511
8,176,20060516
8,177,20060517
8,178,20060518
8,179,20060523
8,180,20060524
8,181,20060525
8,182,20060530
8,183,20060531
8,184,20060606
8,185,20060620
8,186,20060621
8,187,20060622
8,188,20060627
8,189,20060628
8,190,20060629
8,196,20060907
8,197,20060912
8,198,20060913
8,199,20060914
8,200,20060919
8,201,20060920
8,202,20060926
8,203,20060927
8,204,20060928
8,205,20061003
8,206,20061004
8,207,20061005
8,208,20061017
8,209,20061018
8,210,20061102
8,211,20061113
8,212,20061114
8,213,20061115
8,214,20061121
8,215,20061122
8,216,20061123
8,217,20061128
8,218,20061129
8,219,20061130
8,220,20061212
8,221,20061213
8,222,20061214
8,223,20061219
8,224,20061220
8,225,20061221
8,227,20070115
8,229,20070206
8,230,20070207
8,231,20070208
8,232,20070220
8,233,20070221
8,234,20070222
8,235,20070227
8,236,20070228
8,237,20070301
8,238,20070313
8,239,20070314
8,240,20070315
8,241,20070320
8,242,20070321
8,243,20070322
8,244,20070327
8,245,20070328
8,246,20070329
8,247,20070417
8,248,20070418
8,249,20070419
8,250,20070424
8,251,20070425
8,252,20070426
8,253,20070508
8,254,20070509
8,255,20070510
8,256,20070516
8,257,20070529
8,258,20070530
8,259,20070531
8,260,20070612
8,261,20070613
8,262,20070614
8,263,20070619
8,264,20070620
8,265,20070621
8,266,20070626
8,267,20070627
8,268,20070628
8,269,20070703
8,270,20070704
8,271,20070705
8,275,20070726
8,274,20070726
8,278,20070904
8,279,20070911
8,280,20070912
8,281,20070913
8,282,20070918
8,283,20070919
8,284,20070920
8,285,20070925
8,286,20070926
8,287,20070927
8,288,20071002
8,289,20071003
8,290,20071004
8,291,20071016
8,292,20071017
8,293,20071018
8,294,20071024
8,295,20071030
8,296,20071031
8,297,20071112
8,298,20071113
8,299,20071114
8,300,20071120
8,301,20071121
8,302,20071122
8,303,20071127
8,304,20071128
8,305,20071129
8,306,20071211
8,307,20071212
8,308,20071218
8,309,20071219
8,310,20071220
9,1,20080401
9,2,20080408
9,3,20080409
9,4,20080411
9,5,20080429
9,6,20080513
9,7,20080514
9,8,20080520
9,9,20080521
9,10,20080527
9,11,20080528
9,12,20080603
9,13,20080604
9,14,20080610
9,15,20080611
9,16,20080612
9,18,20080624
9,19,20080625
9,20,20080626
9,21,20080702
9,24,20080910
9,25,20080911
9,26,20080916
9,27,20080917
9,28,20080923
9,29,20080924
9,30,20080925
9,31,20080930
9,32,20081001
9,33,20081002
9,34,20081014
9,35,20081015
9,36,20081016
9,37,20081020
9,38,20081021
9,39,20081022
9,40,20081028
9,41,20081029
9,42,20081110
9,43,20081111
9,44,20081112
9,45,20081118
9,46,20081119
9,47,20081120
9,48,20081125
9,49,20081126
9,50,20081127
9,51,20081209
9,52,20081210
9,53,20081211
9,54,20081216
9,55,20081217
9,56,20081218
9,58,20090121
9,60,20090210
9,61,20090211
9,62,20090212
9,63,20090217
9,64,20090218
9,65,20090310
9,66,20090311
9,67,20090312
9,68,20090317
9,69,20090318
9,70,20090324
9,71,20090325
9,72,20090326
9,73,20090331
9,74,20090401
9,75,20090402
9,76,20090421
9,77,20090422
9,78,20090423
9,79,20090428
9,80,20090429
9,81,20090512
9,82,20090513
9,83,20090519
9,84,20090520
9,85,20090521
9,86,20090526
9,87,20090527
9,88,20090609
9,89,20090610
9,90,20090616
9,91,20090617
9,92,20090618
9,93,20090623
9,94,20090624
9,95,20090625
9,96,20090708
9,100,20090908
9,101,20090909
9,102,20090910
9,103,20090915
9,104,20090916
9,105,20090917
9,106,20090922
9,107,20090923
9,108,20090929
9,109,20090930
9,110,20091001
9,111,20091013
9,112,20091014
9,113,20091015
9,114,20091020
9,115,20091021
9,116,20091027
9,117,20091028
9,118,20091029
9,119,20091110
9,120,20091111
9,121,20091112
9,122,20091117
9,123,20091118
9,124,20091119
9,125,20091124
9,126,20091125
9,127,20091126
9,128,20091201
9,129,20091202
9,130,20091203
9,131,20091215
9,132,20091216
9,133,20091217
9,134,20091222
9,136,20100209
9,137,20100210
9,138,20100211
9,139,20100216
9,140,20100217
9,141,20100218
9,142,20100223
9,143,20100224
9,144,20100309
9,145,20100310
9,146,20100311
9,147,20100316
9,148,20100317
9,149,20100318
9,150,20100323
9,151,20100324
9,152,20100325
9,153,20100413
9,154,20100414
9,155,20100420
9,156,20100421
9,157,20100422
9,158,20100427
9,159,20100428
9,160,20100429
9,161,20100511
9,162,20100512
9,163,20100513
9,164,20100518
9,165,20100519
9,166,20100520
9,167,20100525
9,168,20100526
9,169,20100527
9,170,20100608
9,171,20100609
9,172,20100610
9,173,20100615
9,174,20100616
9,175,20100617
9,176,20100622
9,177,20100623
9,178,20100714
9,179,20100715
9,181,20100720
9,182,20100720
9,183,20100721
9,185,20100907
9,186,20100908
9,187,20100909
9,188,20100914
9,189,20100915
9,190,20100921
9,191,20100922
9,192,20100923
9,193,20100928
9,194,20100929
9,195,20100930
9,196,20101013
9,197,20101019
9,198,20101020
9,199,20101026
9,200,20101027
9,201,20101028
9,202,20101110
9,203,20101115
9,204,20101116
9,205,20101117
9,206,20101118
9,207,20101130
9,208,20101201
9,209,20101202
9,210,20101209
9,211,20101214
9,212,20101215
9,213,20101216
9,214,20101216
9,215,20101221
9,216,20101222
9,218,20110125
9,219,20110126
9,220,20110208
9,221,20110209
9,222,20110215
9,223,20110216
9,224,20110222
9,225,20110223
9,226,20110224
9,227,20110308
9,228,20110309
9,229,20110310
9,230,20110315
9,231,20110316
9,232,20110322
9,233,20110322
9,234,20110323
9,235,20110329
9,236,20110330
9,237,20110331
9,238,20110412
9,239,20110413
9,240,20110503
9,241,20110504
9,242,20110505
9,243,20110510
9,244,20110511
9,245,20110512
9,246,20110524
9,247,20110525
9,248,20110526
9,249,20110607
9,250,20110608
9,251,20110614
9,252,20110615
9,253,20110616
9,254,20110621
9,255,20110622
9,256,20110628
9,257,20110629
9,258,20110630
9,260,20110712
9,261,20110713
9,262,20110714
9,264,20110719
9,265,20110720
9,266,20110721
9,267,20110727
9,268,20110823
9,269,20110830
9,270,20110902
9,271,20110913
9,272,20110914
9,273,20110915
9,274,20110920
9,275,20110921
9,276,20110922
10,1,20111213
10,2,20111219
10,3,20111220
10,4,20120111
10,6,20120207
10,7,20120208
10,8,20120209
10,9,20120214
10,10,20120215
10,11,20120216
10,12,20120221
10,13,20120222
10,14,20120223
10,15,20120306
10,16,20120307
10,17,20120308
10,18,20120313
10,19,20120314
10,20,20120315
10,21,20120327
10,22,20120328
10,23,20120329
10,24,20120410
10,25,20120411
10,26,20120412
10,27,20120412
10,28,20120424
10,29,20120425
10,30,20120516
10,31,20120517
10,32,20120521
10,33,20120522
10,34,20120523
10,35,20120529
10,36,20120530
10,37,20120531
10,38,20120612
10,39,20120613
10,40,20120614
10,41,20120619
10,42,20120620
10,43,20120621
10,44,20120626
10,45,20120627
10,46,20120628
10,47,20120711
10,49,20120717
10,50,20120718
10,51,20120719
10,53,20120724
10,55,20120911
10,56,20120912
10,57,20120913
10,58,20120918
10,59,20120919
10,60,20120920
10,61,20120925
10,62,20120926
10,63,20121009
10,64,20121010
10,65,20121011
10,66,20121022
10,67,20121023
10,68,20121024
10,69,20121030
10,70,20121031
10,71,20121112
10,72,20121113
10,73,20121114
10,74,20121115
10,75,20121127
10,76,20121128
10,78,20121129
10,77,20121129
10,79,20121211
10,80,20121212
10,81,20121213
10,82,20121218
10,83,20121219
10,84,20121220
10,87,20130130
10,88,20130212
10,89,20130213
10,90,20130214
10,91,20130220
10,92,20130221
10,93,20130226
10,94,20130227
10,95,20130312
10,96,20130313
10,97,20130314
10,98,20130319
10,99,20130320
10,100,20130321
10,101,20130409
10,102,20130410
10,103,20130411
10,104,20130416
10,105,20130417
10,106,20130418
10,107,20130423
10,108,20130424
10,109,20130507
10,110,20130508
10,111,20130509
10,112,20130521
10,113,20130522
10,114,20130523
10,115,20130528
10,116,20130529
10,117,20130530
10,118,20130611
10,119,20130612
10,120,20130613
10,121,20130618
10,122,20130619
10,123,20130620
10,124,20130625
10,125,20130626
10,126,20130627
10,127,20130702
10,129,20130716
10,130,20130717
10,132,20130801
10,134,20130910
10,135,20130911
10,136,20130912
10,137,20130917
10,138,20130918
10,139,20130919
10,140,20130924
10,141,20130925
10,142,20130926
10,143,20131008
10,144,20131009
10,145,20131010
10,146,20131015
10,147,20131016
10,148,20131017
10,149,20131022
10,150,20131023
10,151,20131029
10,152,20131030
10,153,20131031
10,154,20131111
10,155,20131112
10,156,20131113
10,157,20131119
10,158,20131120
10,159,20131121
10,160,20131126
10,161,20131127
10,162,20131128
10,163,20131210
10,164,20131211
10,165,20131212
10,166,20131217
10,167,20131218
10,168,20131219
10,171,20140121
10,172,20140122
10,174,20140211
10,175,20140212
10,176,20140213
10,177,20140218
10,178,20140219
10,179,20140220
10,180,20140220
10,181,20140225
10,182,20140226
10,183,20140227
10,184,20140227
10,185,20140311
10,186,20140312
10,187,20140313
10,188,20140318
10,189,20140319
10,190,20140320
10,191,20140327
10,192,20140408
10,193,20140409
10,194,20140410
10,195,20140429
10,196,20140430
10,197,20140506
10,198,20140507
10,199,20140513
10,200,20140514
10,201,20140527
10,202,20140528
10,203,20140529
10,204,20140611
10,205,20140624
10,206,20140625
10,208,20140626
10,207,20140626
10,210,20140708
10,211,20140709
10,212,20140710
10,215,20140909
10,216,20140910
10,217,20140911
10,218,20140916
10,219,20140917
10,220,20140918
10,221,20140923
10,222,20140924
10,223,20140925
10,224,20141007
10,225,20141008
10,226,20141009
10,228,20141014
10,227,20141014
10,229,20141015
10,231,20141016
10,230,20141016
10,232,20141021
10,233,20141022
10,234,20141028
10,235,20141029
10,236,20141030
10,237,20141111
10,238,20141112
10,239,20141113
10,240,20141118
10,241,20141119
10,242,20141120
10,243,20141125
10,244,20141126
10,245,20141127
10,246,20141209
10,247,20141210
10,248,20141211
10,249,20141216
10,250,20141217
10,251,20141218
10,253,20150120
10,254,20150121
10,256,20150210
10,257,20150211
10,258,20150212
10,259,20150217
10,260,20150218
10,261,20150219
10,262,20150224
10,263,20150225
10,264,20150226
10,265,20150310
10,266,20150311
10,267,20150312
10,268,20150324
10,269,20150326
10,270,20150414
10,271,20150415
10,272,20150416
10,273,20150421
10,274,20150422
10,275,20150423
10,276,20150428
10,277,20150429
10,278,20150430
10,279,20150512
10,280,20150513
10,281,20150514
10,282,20150526
10,283,20150527
10,284,20150528
10,285,20150609
10,286,20150610
10,287,20150611
10,288,20150616
10,289,20150617
10,290,20150618
10,291,20150623
10,292,20150624
10,293,20150625
10,295,20150707
10,296,20150708
10,297,20150715
10,298,20150716
10,300,20150818
10,301,20150825
10,302,20150826
10,304,20150914
10,305,20150915
10,306,20150916
10,307,20150929
10,308,20150930
10,309,20151001
10,310,20151013
10,311,20151014
10,312,20151020
10,313,20151021
11,1,20160113
11,2,20160301
11,3,20160302
11,4,20160304
11,5,20160315
11,6,20160405
11,7,20160406
11,8,20160412
11,9,20160413
11,10,20160419
11,11,20160420
11,13,20160427
11,14,20160428
12,1,20160719
12,3,20160830
12,4,20160831
12,5,20160902
12,7,20160927
12,6,20160927
12,8,20161004
12,9,20161018
12,11,20161020
12,10,20161020
12,12,20161026
12,13,20161027
12,14,20161029
12,15,20161115
12,16,20161122
12,17,20161123
12,18,20161129
12,19,20161130
12,20,20161213
12,21,20161214
12,22,20161215
12,23,20161220
12,24,20161221
12,26,20170131
12,27,20170201
12,28,20170202
12,29,20170214
12,30,20170215
12,31,20170216
12,32,20170221
12,33,20170222
12,34,20170307
12,35,20170308
12,36,20170309
12,37,20170314
12,38,20170315
12,39,20170316
12,40,20170321
12,41,20170322
12,42,20170328
12,43,20170329
12,44,20170330
12,45,20170404
12,46,20170405
12,47,20170406
12,48,20170503
12,49,20170504
12,50,20170509
12,51,20170510
12,52,20170511
12,53,20170516
12,54,20170517
12,56,20170518
12,55,20170518
12,57,20170529
12,58,20170530
12,59,20170531
12,60,20170613
12,61,20170614
12,62,20170620
12,63,20170621
12,64,20170622
12,65,20170627
12,66,20170629
12,68,20170711
12,69,20170712
12,71,20170830
12,72,20170912
12,73,20170913
12,74,20170919
12,75,20170920
12,76,20170921
12,77,20170926
12,78,20170927
12,79,20170928
12,80,20171010
12,81,20171011
12,82,20171017
12,83,20171018
12,84,20171019
12,85,20171024
12,86,20171025
12,87,20171107
12,88,20171108
12,89,20171114
12,90,20171115
12,91,20171121
12,92,20171122
12,93,20171123
12,94,20171128
12,95,20171129
12,96,20171130
12,97,20171212
12,98,20171213
12,100,20180206
12,101,20180207
12,102,20180213
12,103,20180214
12,104,20180215
12,105,20180220
12,106,20180221
12,107,20180222
12,108,20180313
12,109,20180314
12,110,20180315
12,111,20180320
12,112,20180321
12,113,20180410
12,114,20180411
12,115,20180412
12,116,20180425
12,117,20180426
12,118,20180508
12,119,20180509
12,120,20180510
12,121,20180521
12,122,20180522
12,123,20180523
12,124,20180529
12,125,20180530
12,126,20180531
12,127,20180601
12,128,20180612
12,129,20180619
12,130,20180620
12,131,20180626
12,132,20180627
12,133,20180628
12,134,20180702
12,135,20180704
12,136,20180710
12,137,20180716
12,138,20180717
12,140,20180725
12,141,20180725
12,142,20180727
12,144,20180906
12,145,20180911
12,146,20180912
12,147,20180913
12,148,20180918
12,149,20180919
12,150,20180920
12,151,20180925
12,152,20180926
12,153,20181009
12,154,20181010
12,155,20181016
12,156,20181017
12,157,20181018
12,158,20181023
12,159,20181024
12,160,20181025
12,161,20181030
12,163,20181113
12,164,20181114
12,165,20181115
12,166,20181120
12,167,20181121
12,168,20181122
12,169,20181211
12,170,20181212
12,171,20181213
12,172,20181218
12,173,20181219
12,174,20181220
12,175,20190122
12,177,20190212
12,178,20190213
12,179,20190219
12,180,20190220
12,181,20190221
12,182,20190226
12,183,20190227
12,184,20190228
13,1,20190521
13,2,20190722
13,3,20190723
13,5,20190725
13,8,20190829
13,9,20190910
13,10,20190911
13,11,20190917
13,12,20190918
14,1,20191203
14,2,20200104
14,3,20200105
14,4,20200107
14,6,20200204
14,7,20200211
14,8,20200212
14,9,20200218
14,10,20200219
14,11,20200220
14,12,20200225
14,13,20200226
14,14,20200227
14,15,20200318
14,16,20200325
14,17,20200409
14,18,20200415
14,19,20200422
14,20,20200429
14,21,20200506
14,22,20200513
14,23,20200520
14,24,20200527
14,25,20200603
14,26,20200604
14,27,20200610
14,28,20200611
14,29,20200616
14,30,20200617
14,31,20200623
14,32,20200624
14,33,20200625
14,34,20200714
14,35,20200715
14,36,20200721
14,37,20200722
14,39,20200729
14,41,20200908
14,42,20200909
14,43,20200910
14,44,20200915
14,45,20200916
14,46,20200922
14,47,20200923
14,48,20200929
14,49,20200930
14,50,20201001
14,51,20201013
14,52,20201014
14,53,20201015
14,54,20201020
14,55,20201021
14,56,20201022
14,57,20201027
14,58,20201028
14,59,20201029
14,60,20201111
14,61,20201112
14,62,20201117
14,63,20201118
14,64,20201119
14,65,20201130
14,66,20201201
14,67,20201202
14,68,20201203
14,69,20201215
14,70,20201216
14,72,20201217
14,71,20201217
14,74,20210128
14,75,20210202
14,76,20210203
14,77,20210204
14,78,20210216
14,79,20210217
14,80,20210218
14,81,20210223
14,82,20210224
14,83,20210225
14,84,20210309
14,85,20210310
14,86,20210311
14,87,20210316
14,88,20210317
14,89,20210318
14,90,20210323
14,91,20210324
14,92,20210325
14,93,20210413
14,94,20210414
14,95,20210415
14,96,20210420
14,97,20210421
14,98,20210422
14,99,20210511
14,100,20210512
14,101,20210513
14,102,20210518
14,103,20210519
14,104,20210520
14,105,20210525
14,106,20210526
14,107,20210527
14,108,20210608
14,109,20210609
14,110,20210610
14,111,20210615
14,112,20210616
14,113,20210622
14,114,20210623
14,115,20210624
14,116,20210630
14,117,20210721
14,120,20210913
14,121,20210914
14,122,20210915
14,123,20210921
14,124,20210922
14,125,20210923
14,126,20210928
14,127,20210929
14,128,20210930
14,129,20211013
14,130,20211014
14,131,20211019
14,132,20211020
14,133,20211021
14,134,20211103
14,135,20211104
14,136,20211110
14,137,20211111
14,138,20211122
14,139,20211123
14,140,20211124
14,141,20211125
14,142,20211130
14,143,20211201
14,144,20211202
14,145,20211214
14,146,20211215
14,147,20211216
14,148,20211221
14,149,20211222
14,150,20211223
14,151,20211228
14,153,20220125
14,154,20220201
14,155,20220202
14,156,20220203
14,157,20220215
14,158,20220216
14,159,20220217
14,160,20220222
14,161,20220223
14,162,20220224
14,163,20220302
14,164,20220308
14,165,20220309
14,166,20220310
14,167,20220315
14,168,20220316
14,169,20220317
14,170,20220322
14,171,20220323
14,172,20220324
14,173,20220329
14,174,20220330
14,175,20220331
14,176,20220405
14,177,20220406
14,178,20220407
14,179,20220426
14,180,20220427
14,182,20220428
14,181,20220428
14,183,20220510
14,184,20220511
14,185,20220512
14,186,20220517
14,187,20220518
14,188,20220524
14,189,20220525
14,190,20220526
14,191,20220607
14,192,20220608
14,193,20220609
14,194,20220621
14,195,20220622
14,196,20220623
14,197,20220628
14,198,20220629
14,199,20220630
14,200,20220712
14,201,20220713
14,202,20220714
14,204,20220825
14,205,20220913
14,206,20220914
14,207,20220915
14,208,20220920
14,209,20220921
14,210,20220922
14,211,20220927
14,212,20220928
14,213,20220929
14,214,20221004
14,215,20221005
14,216,20221006
14,217,20221013
14,218,20221026
14,219,20221027
14,220,20221102
14,221,20221103
14,222,20221121
14,223,20221122
14,224,20221123
14,226,20221124
14,225,20221124
14,227,20221129
14,228,20221130
14,229,20221201
14,230,20221201
14,231,20221213
14,232,20221214
14,234,20221215
14,233,20221215
14,235,20221220
14,236,20221221
14,237,20221222
14,239,20230124
14,240,20230207
14,241,20230208
14,242,20230209
14,243,20230214
14,244,20230215
14,245,20230216
14,246,20230221
14,247,20230222
14,248,20230223
14,249,20230307
14,250,20230308
14,251,20230309
14,252,20230314
14,253,20230315
14,254,20230316
14,255,20230321
14,256,20230322
14,257,20230328
14,258,20230329
14,259,20230330
14,260,20230418
14,261,20230419
14,262,20230420
14,263,20230425
14,264,20230426
14,265,20230427
14,266,20230509
14,267,20230510
14,268,20230511
14,269,20230516
14,270,20230517
14,271,20230518
15,1,20230817
15,2,20230919
15,3,20230921
15,4,20230926
15,5,20230927
15,6,20230929
15,7,20231115
15,8,20231116
15,9,20231121
15,10,20231128
15,11,20231205
15,12,20231212
15,13,20231213
15,14,20231219
15,15,20231220
15,16,20240110
15,17,20240116
15,18,20240118
15,20,20240130
15,21,20240206
15,22,20240207
15,23,20240220
15,24,20240221
15,25,20240222
15,26,20240227
15,27,20240228
15,28,20240229
15,29,20240312
15,30,20240313
15,32,20240314
15,31,20240314
15,33,20240319
15,34,20240320
15,35,20240321
15,36,20240409
15,37,20240410
15,38,20240423
15,39,20240424
15,40,20240521
15,41,20240522
15,42,20240523
15,43,20240528
15,44,20240529
15,45,20240530
15,46,20240611
15,47,20240612
15,48,20240613
15,49,20240618
15,50,20240619
15,51,20240620
15,52,20240625
15,53,20240626
15,54,20240627
15,55,20240704
15,56,20240711
15,57,20240717
15,58,20240723
